sender,receiver,timestamp,fraud_probability,is_fraud
A392,A1131,34281,0.4706628918647766,False
A364,A826,34282,0.013826344162225723,False
A448,A1555,34282,0.46648192405700684,False
A314,A1437,34283,0.47140729427337646,False
A934,A770,34284,0.4714275300502777,False
A1743,A2121,34285,0.4650609791278839,False
A2351,A1974,34292,0.13434459269046783,False
A2351,A1226,34293,0.9043965339660645,True
A2351,A1277,34294,0.893367350101471,True
A2351,A405,34295,0.960889995098114,True
A2351,A1472,34296,0.9637960195541382,True
A2351,A776,34297,0.9557271003723145,True
A2351,A872,34298,0.9673582911491394,True
A2351,A149,34299,0.9688072204589844,True
A2351,A2437,34300,0.9689654111862183,True
A2132,A2125,34301,0.0512295737862587,False
A2351,A320,34301,0.9656074047088623,True
A96,A2436,34304,0.014623761177062988,False
A1395,A14,34311,0.0054443590342998505,False
A11,A1072,34312,0.003516833297908306,False
A1964,A946,34314,0.005919767078012228,False
A569,A1872,34321,0.005674079060554504,False
A1328,A243,34328,0.005867925006896257,False
A1581,A184,34331,0.00462015625089407,False
A577,A673,34337,0.003450660966336727,False
A844,A215,34343,0.0026033895555883646,False
A1421,A2407,34347,0.006668163929134607,False
A1556,A254,34350,0.0049692848697304726,False
A46,A1288,34358,0.0029623385053128004,False
A1192,A374,34362,0.2711007297039032,False
A374,A283,34363,0.9586635231971741,True
A283,A2491,34364,0.9622136950492859,True
A2491,A1192,34365,0.9635214805603027,True
A820,A1779,34372,0.0025224005803465843,False
A710,A1754,34378,0.012069291435182095,False
A751,A686,34385,0.45874252915382385,False
A751,A835,34386,0.46993908286094666,False
A751,A2203,34387,0.46965792775154114,False
A751,A1505,34388,0.4742880165576935,False
A1977,A1142,34388,0.01370528619736433,False
A1631,A1501,34396,0.0031040688045322895,False
A2102,A1365,34399,0.0028616522904485464,False
A1422,A1860,34407,0.003727958770468831,False
A321,A687,34409,0.0029416042380034924,False
A862,A1073,34418,0.002698518568649888,False
A2095,A879,34423,0.06188175827264786,False
A2157,A947,34428,0.009299872443079948,False
A521,A1483,34432,0.0032253421377390623,False
A1400,A1020,34442,0.002548396121710539,False
A2008,A802,34444,0.017580268904566765,False
A1772,A2182,34445,0.021655837073922157,False
A1467,A1949,34450,0.00277701229788363,False
A665,A736,34454,0.0046289581805467606,False
A1386,A1489,34457,0.029458247125148773,False
A1455,A1063,34461,0.034471288323402405,False
A1690,A523,34465,0.0031677146907895803,False
A149,A1093,34467,0.002750092651695013,False
A2049,A133,34475,0.0025407171342521906,False
A412,A853,34481,0.0031453960109502077,False
A802,A717,34490,0.0038331642281264067,False
A167,A851,34495,0.002753801178187132,False
A2305,A772,34502,0.016913818195462227,False
A1014,A721,34504,0.007029111031442881,False
A1396,A1387,34513,0.45076850056648254,False
A663,A1561,34520,0.30044153332710266,False
A2188,A1776,34530,0.0025916460435837507,False
A2486,A2320,34543,0.004801793489605188,False
A2328,A1190,34545,0.003675781888887286,False
A342,A582,34552,0.46603280305862427,False
A2026,A1339,34558,0.0027042324654757977,False
A831,A680,34562,0.05504670739173889,False
A2430,A2477,34565,0.024177199229598045,False
A1101,A871,34571,0.0025110405404120684,False
A275,A244,34578,0.0025197158101946115,False
A1037,A1891,34583,0.005796848796308041,False
A1189,A824,34590,0.002521370304748416,False
A840,A226,34592,0.003315227571874857,False
A170,A2283,34598,0.009800085797905922,False
A2490,A775,34605,0.004730979446321726,False
A660,A772,34610,0.011447921395301819,False
A2246,A1775,34612,0.07213002443313599,False
A196,A2353,34621,0.5064621567726135,False
A2353,A2396,34622,0.9733633399009705,True
A59,A325,34622,0.004144312813878059,False
A2396,A473,34623,0.9727800488471985,True
A473,A1299,34624,0.9730307459831238,True
A1299,A196,34625,0.9633927941322327,True
A2464,A1645,34627,0.002722197910770774,False
A704,A1688,34632,0.4299934506416321,False
A898,A2355,34640,0.45743313431739807,False
A1630,A54,34644,0.018245581537485123,False
A1133,A567,34646,0.0025204301346093416,False
A1772,A2061,34649,0.020451458171010017,False
A1257,A1574,34658,0.43985921144485474,False
A654,A2200,34660,0.01789870299398899,False
A2405,A63,34668,0.38043850660324097,False
A63,A2488,34669,0.9702672958374023,True
A2488,A1784,34670,0.970745861530304,True
A1784,A1012,34671,0.9707053899765015,True
A1802,A225,34672,0.011219903826713562,False
A1012,A1467,34672,0.9610375165939331,True
A1467,A2405,34673,0.9624419212341309,True
A7,A2177,34680,0.05036178603768349,False
A966,A1916,34685,0.05852283537387848,False
A354,A2017,34691,0.007573115639388561,False
A984,A931,34693,0.1072777658700943,False
A1703,A1113,34700,0.0031390259973704815,False
A967,A287,34702,0.005416398867964745,False
A2210,A1234,34706,0.0025790671352297068,False
A809,A356,34713,0.0025111946742981672,False
A482,A1011,34718,0.015691963955760002,False
A803,A1554,34725,0.00733625702559948,False
A802,A1347,34732,0.0038494146429002285,False
A753,A2110,34737,0.007948721759021282,False
A2096,A1315,34741,0.0027844540309160948,False
A2328,A868,34751,0.00363527680747211,False
A2252,A983,34759,0.014973830431699753,False
A2033,A1,34762,0.46953871846199036,False
A2033,A1775,34763,0.4674937129020691,False
A2033,A804,34764,0.4369657337665558,False
A2033,A168,34765,0.4598720073699951,False
A35,A1854,34770,0.010470558889210224,False
A86,A777,34773,0.002533990191295743,False
A68,A1419,34775,0.008938233368098736,False
A685,A1903,34782,0.013642121106386185,False
A831,A1588,34788,0.05595409870147705,False
A1253,A1597,34795,0.002740008756518364,False
A2105,A1673,34798,0.02180522307753563,False
A544,A2000,34802,0.015865882858633995,False
A1983,A495,34810,0.7718573212623596,True
A495,A2470,34811,0.9652853012084961,True
A2470,A2322,34812,0.9648755788803101,True
A2322,A1983,34813,0.9618820548057556,True
A1160,A386,34817,0.4724336862564087,False
A1160,A1263,34818,0.47207677364349365,False
A1160,A505,34819,0.472015380859375,False
A1160,A2232,34820,0.4688756763935089,False
A1716,A2112,34820,0.007222085725516081,False
A294,A1257,34826,0.02257220447063446,False
A1567,A287,34836,0.0031908778473734856,False
A1382,A1851,34840,0.0038896866608411074,False
A178,A1735,34849,0.05532025545835495,False
A292,A321,34857,0.007413105107843876,False
A101,A570,34860,0.003003656165674329,False
A399,A571,34870,0.0025221090763807297,False
A807,A188,34878,0.006588360760360956,False
A1472,A277,34887,0.011695070192217827,False
A2387,A2037,34889,0.096000075340271,False
A1799,A2259,34897,0.002597222337499261,False
A641,A1008,34905,0.007258011028170586,False
A1570,A1672,34908,0.0027522905729711056,False
A1066,A2085,34913,0.004798838868737221,False
A96,A1566,34920,0.01365414448082447,False
A2319,A506,34929,0.005167447030544281,False
A974,A895,34933,0.7210471630096436,True
A895,A2397,34934,0.957861065864563,True
A2397,A491,34935,0.95875483751297,True
A491,A1187,34936,0.9602017998695374,True
A1187,A974,34937,0.9619100689888,True
A799,A87,34943,0.0034973458386957645,False
A1146,A2341,34951,0.011808440089225769,False
A700,A1807,34955,0.0025852075777947903,False
A25,A582,34958,0.9366933703422546,True
A2425,A873,34965,0.48077598214149475,False
A873,A1674,34966,0.9522156715393066,True
A1674,A733,34967,0.9467675089836121,True
A733,A2425,34968,0.9601870775222778,True
A2129,A2156,34970,0.012530144304037094,False
A986,A2073,34977,0.0031449550297111273,False
A1950,A1684,34982,0.45464709401130676,False
A1371,A2462,34989,0.0025238082744181156,False
A960,A1290,34997,0.01443919911980629,False
A1139,A1777,35002,0.00393262691795826,False
A436,A779,35007,0.004006069153547287,False
A2474,A414,35008,0.05174414813518524,False
A404,A2257,35014,0.002790330909192562,False
A187,A540,35016,0.0025355489924550056,False
A1384,A2426,35022,0.004922522231936455,False
A2204,A466,35027,0.006719064433127642,False
A934,A335,35031,0.002794132102280855,False
A1627,A2298,35034,0.002535199513658881,False
A2273,A2278,35043,0.0070485807955265045,False
A815,A2179,35052,0.4624508023262024,False
A815,A1818,35053,0.40058836340904236,False
A815,A52,35054,0.46713128685951233,False
A815,A7,35055,0.4742150902748108,False
A387,A883,35061,0.017581289634108543,False
A2094,A708,35063,0.0025360086001455784,False
A86,A1123,35068,0.00254579889588058,False
A2182,A2412,35075,0.002512700157240033,False
A65,A88,35080,0.01573369838297367,False
A2495,A927,35088,0.0034036394208669662,False
A366,A355,35090,0.009218528866767883,False
A1816,A1594,35091,0.0025275549851357937,False
A1097,A1695,35098,0.007058953866362572,False
A555,A127,35107,0.011805380694568157,False
A291,A2097,35112,0.0039146398194134235,False
A2476,A573,35119,0.0025353585369884968,False
A583,A1267,35125,0.002527545439079404,False
A2338,A1680,35128,0.45947179198265076,False
A305,A1672,35131,0.05088058114051819,False
A305,A449,35132,0.4723585546016693,False
A305,A280,35133,0.36355921626091003,False
A305,A229,35134,0.471874862909317,False
A550,A410,35135,0.0027517015114426613,False
A209,A1249,35144,0.02962062694132328,False
A362,A651,35150,0.03709879145026207,False
A1293,A1619,35155,0.8039312958717346,True
A1619,A1597,35156,0.9590786099433899,True
A1597,A1719,35157,0.9716944694519043,True
A1719,A1293,35158,0.9588916897773743,True
A341,A460,35163,0.44611960649490356,False
A160,A460,35164,0.47230440378189087,False
A429,A460,35165,0.4731294512748718,False
A1383,A460,35166,0.4733814001083374,False
A786,A460,35167,0.47073042392730713,False
A2416,A761,35170,0.010897062718868256,False
A1389,A563,35176,0.0025282236747443676,False
A2488,A2103,35180,0.011456434614956379,False
A1712,A269,35181,0.0025155451148748398,False
A595,A660,35186,0.005445864982903004,False
A14,A265,35188,0.003362886840477586,False
A1013,A2007,35198,0.34509217739105225,False
A174,A1390,35199,0.47060588002204895,False
A2007,A1722,35199,0.9632728695869446,True
A1722,A1013,35200,0.9643208980560303,True
A1844,A2246,35202,0.03931738808751106,False
A231,A586,35212,0.4711694121360779,False
A2466,A2309,35213,0.03589164465665817,False
A1111,A1602,35214,0.4591336250305176,False
A1618,A2477,35215,0.4204730987548828,False
A2437,A2357,35216,0.4438451826572418,False
A2137,A1721,35221,0.002509568352252245,False
A1699,A326,35224,0.0040959264151751995,False
A1824,A1946,35228,0.003069648751989007,False
A2337,A1226,35231,0.009702490642666817,False
A1465,A1115,35238,0.04034208878874779,False
A1085,A395,35247,0.008559539914131165,False
A1822,A1935,35253,0.002536853076890111,False
A668,A1088,35259,0.7862157821655273,True
A1088,A1210,35260,0.9730096459388733,True
A1210,A2189,35261,0.9732840657234192,True
A2199,A2183,35261,0.011665361933410168,False
A2189,A668,35262,0.9603960514068604,True
A1508,A103,35270,0.004631885327398777,False
A255,A1796,35274,0.003021343145519495,False
A690,A90,35276,0.003935652319341898,False
A715,A2236,35285,0.009434056468307972,False
A725,A1278,35286,0.002548568183556199,False
A758,A884,35294,0.0532534196972847,False
A931,A953,35297,0.1306750327348709,False
A1216,A1270,35302,0.0034248712472617626,False
A1020,A732,35311,0.012424441054463387,False
A2463,A1586,35317,0.044481050223112106,False
A771,A235,35325,0.002517151180654764,False
A2052,A1143,35335,0.46977800130844116,False
A2052,A280,35336,0.4721720218658447,False
A2052,A484,35337,0.4446301758289337,False
A2052,A1439,35338,0.4721399247646332,False
A545,A283,35343,0.06454841792583466,False
A2419,A1407,35351,0.016628244891762733,False
A1411,A1747,35356,0.0034920969046652317,False
A641,A2036,35360,0.4691356122493744,False
A1777,A634,35361,0.45851966738700867,False
A90,A671,35362,0.44454196095466614,False
A1848,A1308,35363,0.47243985533714294,False
A2328,A733,35364,0.47271108627319336,False
A90,A1313,35364,0.010754098184406757,False
A119,A1870,35372,0.0026634170208126307,False
A1144,A2128,35376,0.010588621720671654,False
A1973,A1498,35384,0.003157996805384755,False
A1110,A1540,35392,0.0068025486543774605,False
A2070,A1159,35397,0.4542396068572998,False
A1951,A1171,35405,0.002827259013429284,False
A1799,A2250,35414,0.002606922062113881,False
A564,A1837,35424,0.043537531048059464,False
A522,A2292,35431,0.003701378358528018,False
A2010,A852,35434,0.011067534796893597,False
A1969,A2173,35436,0.1761733740568161,False
A1960,A1988,35441,0.012953859753906727,False
A807,A2393,35449,0.00658351881429553,False
A1798,A734,35451,0.024864159524440765,False
A225,A1679,35461,0.009932863526046276,False
A1354,A125,35464,0.0036620155442506075,False
A1653,A719,35473,0.018716629594564438,False
A2177,A1658,35480,0.0027811378240585327,False
A957,A193,35483,0.18189117312431335,False
A957,A2085,35484,0.9731300473213196,True
A957,A443,35485,0.9305208325386047,True
A957,A1789,35486,0.9706165790557861,True
A2463,A1480,35486,0.04172952473163605,False
A957,A420,35487,0.9703870415687561,True
A977,A572,35488,0.48119229078292847,False
A957,A1434,35488,0.9684019088745117,True
A957,A1699,35489,0.9736534953117371,True
A957,A439,35490,0.9604537487030029,True
A2050,A246,35490,0.7573332190513611,True
A957,A1514,35491,0.968189537525177,True
A2050,A1139,35491,0.9707372784614563,True
A957,A754,35492,0.971930742263794,True
A2050,A211,35492,0.9195826649665833,True
A957,A319,35493,0.9592735171318054,True
A2050,A1041,35493,0.9721463322639465,True
A957,A1581,35494,0.9726337194442749,True
A2050,A1364,35494,0.9726876616477966,True
A888,A614,35498,0.004479362163692713,False
A272,A2252,35501,0.007685705088078976,False
A1020,A1468,35506,0.012141809798777103,False
A2037,A846,35516,0.033640529960393906,False
A2091,A1118,35524,0.018511172384023666,False
A589,A1063,35528,0.012544738128781319,False
A1425,A2310,35538,0.0038512926548719406,False
A116,A2350,35539,0.0036879018880426884,False
A224,A1707,35548,0.12856730818748474,False
A2179,A2320,35554,0.08331599086523056,False
A1231,A1593,35559,0.0028569537680596113,False
A573,A176,35568,0.0033311585430055857,False
A2323,A182,35573,0.015859391540288925,False
A1398,A321,35576,0.9515988826751709,True
A1176,A1902,35577,0.008239148184657097,False
A1398,A2088,35577,0.9673278331756592,True
A1398,A1330,35578,0.971438467502594,True
A1398,A1589,35579,0.9720938205718994,True
A1398,A677,35580,0.967541515827179,True
A1051,A2179,35580,0.0028365582693368196,False
A1398,A33,35581,0.872983992099762,True
A1398,A1852,35582,0.9742566347122192,True
A951,A2232,35583,0.0025705306325107813,False
A1398,A1523,35583,0.943823516368866,True
A1398,A190,35584,0.9667302966117859,True
A1398,A649,35585,0.9710937738418579,True
A1781,A1971,35587,0.03877738118171692,False
A1138,A1398,35590,0.8599587082862854,True
A1398,A2468,35591,0.9699091911315918,True
A2468,A1719,35592,0.9200212955474854,True
A1719,A1138,35593,0.9645150303840637,True
A844,A382,35599,0.450454980134964,False
A1498,A2054,35605,0.011325606144964695,False
A844,A86,35615,0.0025678740348666906,False
A1690,A1846,35621,0.003139754058793187,False
A764,A1230,35629,0.0034349244087934494,False
A2468,A1795,35637,0.0030147675424814224,False
A1532,A1701,35641,0.0034732294734567404,False
A1586,A1212,35642,0.26580122113227844,False
A1759,A946,35652,0.003295175964012742,False
A2104,A876,35661,0.002542381640523672,False
A1413,A2063,35667,0.008091704919934273,False
A1185,A136,35671,0.08584173768758774,False
A768,A1940,35674,0.030011974275112152,False
A1593,A1253,35676,0.00422707898542285,False
A2252,A1798,35677,0.015761908143758774,False
A1697,A1260,35681,0.012260761111974716,False
A1282,A2371,35688,0.01668340526521206,False
A1095,A904,35695,0.0033707444090396166,False
A1366,A110,35702,0.45663750171661377,False
A1366,A495,35703,0.472820907831192,False
A1366,A181,35704,0.008148271590471268,False
A1366,A733,35705,0.4555370807647705,False
A175,A2220,35706,0.14384323358535767,False
A1571,A202,35716,0.0038793485146015882,False
A1172,A1926,35717,0.002604743232950568,False
A2316,A409,35725,0.0025635920464992523,False
A1716,A1328,35726,0.007200595922768116,False
A2059,A1496,35733,0.0037374987732619047,False
A807,A497,35741,0.006425490602850914,False
A1427,A218,35745,0.0027821657713502645,False
A817,A519,35752,0.00448028277605772,False
A1128,A361,35758,0.00941135361790657,False
A1703,A1552,35763,0.0031509525142610073,False
A492,A1139,35768,0.012480434030294418,False
A56,A450,35769,0.06606712192296982,False
A2092,A1111,35774,0.1061229482293129,False
A781,A740,35783,0.003160388907417655,False
A915,A1970,35792,0.01550106331706047,False
A857,A964,35795,0.002629768569022417,False
A486,A1929,35796,0.4717392027378082,False
A1727,A1791,35804,0.04384877532720566,False
A667,A1099,35813,0.0034246775321662426,False
A350,A1169,35822,0.004700740799307823,False
A1424,A1438,35824,0.013113228604197502,False
A1518,A2041,35825,0.012435064651072025,False
A2260,A557,35829,0.45910516381263733,False
A2202,A1151,35830,0.0062300399877130985,False
A1310,A68,35837,0.02985464222729206,False
A725,A925,35846,0.0025314590893685818,False
A1858,A189,35851,0.01161205768585205,False
A1996,A156,35855,0.005074675194919109,False
A1646,A182,35862,0.11788736283779144,False
A955,A324,35865,0.002855301136150956,False
A676,A1969,35868,0.0030665916856378317,False
A2071,A1777,35869,0.006419322453439236,False
A411,A348,35876,0.008398164995014668,False
A72,A1283,35886,0.45640307664871216,False
A72,A1247,35887,0.9719741344451904,True
A72,A2303,35888,0.9728747010231018,True
A72,A2397,35889,0.9553588032722473,True
A72,A915,35890,0.9628709554672241,True
A1126,A2423,35891,0.009710938669741154,False
A72,A812,35891,0.9567306637763977,True
A72,A2369,35892,0.9609324932098389,True
A72,A2424,35893,0.9768161773681641,True
A1705,A2326,35894,0.0034029227681457996,False
A72,A387,35894,0.9755082130432129,True
A72,A492,35895,0.9767077565193176,True
A72,A1310,35896,0.9765052795410156,True
A72,A2235,35897,0.9767246246337891,True
A986,A224,35900,0.003180254716426134,False
A2261,A1885,35906,0.005328873172402382,False
A161,A2077,35911,0.012780624441802502,False
A2238,A984,35916,0.0025133085437119007,False
A1813,A2073,35919,0.016529347747564316,False
A770,A564,35920,0.005630179774016142,False
A385,A1852,35928,0.44621849060058594,False
A926,A1852,35929,0.46678218245506287,False
A715,A1852,35930,0.4135671854019165,False
A897,A1852,35931,0.4720681607723236,False
A2041,A1852,35932,0.46908900141716003,False
A1072,A433,35936,0.010201703757047653,False
A2165,A24,35946,0.25408798456192017,False
A370,A933,35947,0.04690074920654297,False
A2243,A2412,35949,0.0047988248988986015,False
A2338,A663,35950,0.443036824464798,False
A320,A2377,35959,0.014182056300342083,False
A1184,A1321,35967,0.00916769914329052,False
A1271,A1747,35976,0.02082231640815735,False
A804,A846,35985,0.002726575592532754,False
A1268,A1997,35995,0.009965906850993633,False
A487,A2471,36004,0.008830036036670208,False
A1540,A1424,36007,0.008242862299084663,False
A1686,A2377,36009,0.9510122537612915,True
A2377,A485,36010,0.9706311821937561,True
A485,A1578,36011,0.9705193042755127,True
A1578,A1686,36012,0.9610978364944458,True
A647,A1875,36019,0.008944939821958542,False
A2058,A1739,36020,0.0027256954926997423,False
A1521,A2446,36029,0.005266484804451466,False
A1901,A2009,36035,0.0025634446647018194,False
A1686,A2149,36043,0.01864640973508358,False
A1143,A1916,36047,0.015637144446372986,False
A1657,A1384,36055,0.004565972834825516,False
A2231,A1508,36063,0.0036091527435928583,False
A1866,A1403,36067,0.08993639051914215,False
A861,A555,36071,0.015339463017880917,False
A1798,A2296,36075,0.4729817807674408,False
A686,A2081,36076,0.4722248613834381,False
A2202,A882,36076,0.006088252179324627,False
A62,A674,36077,0.454276978969574,False
A2411,A1420,36078,0.46787774562835693,False
A2048,A1632,36079,0.4615248441696167,False
A2463,A42,36086,0.0415109284222126,False
A341,A1417,36090,0.017696674913167953,False
A1861,A1271,36100,0.0025253919884562492,False
A1169,A1271,36101,0.4729597568511963,False
A1999,A1271,36102,0.4516255557537079,False
A1802,A1271,36103,0.4584409296512604,False
A2498,A1271,36104,0.4734896719455719,False
A1049,A828,36110,0.0025244506541639566,False
A1027,A428,36111,0.03457401320338249,False
A2071,A2486,36114,0.006758234463632107,False
A233,A342,36123,0.0025683518033474684,False
A254,A259,36130,0.0025220562238246202,False
A30,A1952,36138,0.9361157417297363,True
A30,A2492,36139,0.9693905115127563,True
A782,A1280,36139,0.14768566191196442,False
A30,A614,36140,0.9644017219543457,True
A30,A993,36141,0.9505874514579773,True
A30,A2387,36142,0.9763936400413513,True
A1977,A1052,36143,0.013103075325489044,False
A1415,A1492,36150,0.07586058974266052,False
A1394,A1492,36154,0.006873945705592632,False
A1664,A793,36164,0.7443406581878662,True
A793,A97,36165,0.9679481983184814,True
A97,A805,36166,0.967724084854126,True
A805,A1664,36167,0.9578224420547485,True
A2100,A1688,36171,0.004093999043107033,False
A1207,A1073,36172,0.00628442969173193,False
A359,A1693,36173,0.4689306318759918,False
A359,A1064,36174,0.4720970392227173,False
A1402,A614,36175,0.002696768846362829,False
A359,A1783,36175,0.4722151756286621,False
A359,A2078,36176,0.44839295744895935,False
A1418,A101,36185,0.4728265106678009,False
A71,A1088,36186,0.45949918031692505,False
A1439,A311,36187,0.4721594750881195,False
A1136,A161,36188,0.46929213404655457,False
A855,A2452,36189,0.4537696838378906,False
A1655,A1491,36195,0.02377226948738098,False
A352,A202,36198,0.006120477803051472,False
A1148,A965,36205,0.0039023999124765396,False
A2298,A402,36206,0.002807484706863761,False
A390,A1570,36207,0.0026814956218004227,False
A621,A999,36217,0.00816312525421381,False
A550,A2263,36227,0.0027508053462952375,False
A491,A456,36235,0.002582437824457884,False
A443,A574,36240,0.003612905042245984,False
A2180,A462,36243,0.002511839848011732,False
A405,A2329,36247,0.0900203287601471,False
A366,A2337,36249,0.47173941135406494,False
A1639,A2337,36250,0.44938400387763977,False
A1789,A2337,36251,0.088390052318573,False
A350,A2337,36252,0.44402897357940674,False
A1337,A2315,36253,0.02319011278450489,False
A577,A2337,36253,0.45745810866355896,False
A1013,A1443,36255,0.003416465362533927,False
A1451,A91,36258,0.027555406093597412,False
A425,A1092,36259,0.0035689962096512318,False
A2499,A2205,36268,0.008322186768054962,False
A1189,A1170,36277,0.0025232729967683554,False
A2449,A2000,36281,0.0026137661188840866,False
A1167,A1799,36290,0.015920870006084442,False
A1034,A651,36293,0.006417148280888796,False
A2279,A880,36301,0.005541617516428232,False
A2136,A1988,36306,0.47245103120803833,False
A1148,A1954,36307,0.46834224462509155,False
A31,A1137,36308,0.46438202261924744,False
A1908,A1160,36309,0.435295432806015,False
A1814,A1738,36310,0.46705204248428345,False
A320,A15,36310,0.014114893041551113,False
A138,A1584,36320,0.01187989767640829,False
A1101,A2203,36323,0.0025121779181063175,False
A1512,A1308,36329,0.009362606331706047,False
A1512,A1978,36330,0.4686450660228729,False
A1512,A559,36331,0.47384148836135864,False
A3,A425,36332,0.00999586470425129,False
A1512,A1846,36332,0.3648691177368164,False
A1838,A1817,36337,0.023561308160424232,False
A934,A759,36342,0.09219841659069061,False
A2394,A530,36342,0.0034441230818629265,False
A2251,A547,36348,0.004067214205861092,False
A88,A1942,36349,0.00812168512493372,False
A530,A1460,36350,0.002532247919589281,False
A1122,A591,36352,0.45941242575645447,False
A1122,A2012,36353,0.4735080599784851,False
A1122,A204,36354,0.45910879969596863,False
A1122,A2407,36355,0.47445744276046753,False
A694,A1963,36358,0.4393710792064667,False
A1963,A2449,36359,0.9667192697525024,True
A2449,A2300,36360,0.9742190837860107,True
A2300,A694,36361,0.9569993019104004,True
A1015,A1364,36367,0.002669211709871888,False
A140,A951,36370,0.016861844807863235,False
A1940,A132,36375,0.9502593278884888,True
A132,A52,36376,0.9679158329963684,True
A52,A955,36377,0.9698447585105896,True
A955,A1971,36378,0.9627951383590698,True
A1971,A2188,36379,0.9672360420227051,True
A2188,A1940,36380,0.9579734206199646,True
A56,A2074,36381,0.9391199350357056,True
A2074,A2090,36382,0.9736836552619934,True
A2090,A2303,36383,0.9595025181770325,True
A2303,A56,36384,0.9567751884460449,True
A2359,A663,36391,0.010910687036812305,False
A575,A1570,36397,0.440291166305542,False
A2390,A1871,36398,0.03947523236274719,False
A422,A1811,36403,0.0035006077960133553,False
A2052,A2001,36410,0.002520026173442602,False
A88,A433,36413,0.007540225517004728,False
A835,A1103,36418,0.0352167971432209,False
A1809,A2216,36421,0.0034167219419032335,False
A755,A2323,36427,0.011824648827314377,False
A2035,A212,36437,0.00559665123000741,False
A773,A897,36438,0.0031853015534579754,False
A469,A1926,36444,0.014661146327853203,False
A2184,A2226,36446,0.002816875698044896,False
A452,A1115,36450,0.020575281232595444,False
A598,A475,36452,0.4441526532173157,False
A470,A606,36462,0.37111377716064453,False
A1950,A841,36472,0.0027837813831865788,False
A362,A893,36481,0.47097164392471313,False
A3,A381,36482,0.010217398405075073,False
A1016,A2275,36484,0.6639377474784851,False
A2275,A675,36485,0.9714105725288391,True
A675,A743,36486,0.9715597033500671,True
A743,A1016,36487,0.9542338848114014,True
A964,A651,36489,0.0025618746876716614,False
A2053,A494,36498,0.005947978235781193,False
A267,A1844,36504,0.0026134864892810583,False
A168,A875,36514,0.0025198752991855145,False
A2187,A2435,36524,0.003524419851601124,False
A138,A24,36529,0.9518356919288635,True
A24,A1706,36530,0.9726128578186035,True
A1706,A138,36531,0.9666361808776855,True
A885,A771,36531,0.0026703698094934225,False
A690,A1595,36538,0.003888975828886032,False
A12,A1380,36539,0.002952072536572814,False
A2114,A473,36546,0.003193360287696123,False
A1540,A1514,36548,0.008372551761567593,False
A105,A2214,36554,0.05547739937901497,False
A1464,A2184,36564,0.003978797234594822,False
A1578,A1361,36568,0.46425217390060425,False
A2286,A1540,36569,0.012447221204638481,False
A2314,A1007,36569,0.4642335772514343,False
A1894,A2090,36570,0.4419838786125183,False
A893,A164,36570,0.3014129102230072,False
A606,A1681,36571,0.4721067547798157,False
A2152,A164,36571,0.4489634931087494,False
A1736,A164,36572,0.45262765884399414,False
A2246,A2106,36572,0.44757843017578125,False
A477,A678,36572,0.9278469681739807,True
A708,A164,36573,0.46947985887527466,False
A2176,A164,36574,0.473673939704895,False
A2235,A121,36579,0.47095707058906555,False
A2060,A1090,36580,0.4670090079307556,False
A520,A1079,36581,0.46957364678382874,False
A1919,A1781,36582,0.27048224210739136,False
A251,A1041,36583,0.45103710889816284,False
A1685,A1293,36585,0.28542524576187134,False
A1805,A2328,36591,0.00452690152451396,False
A1042,A2350,36601,0.006663244217634201,False
A1372,A1244,36611,0.025473332032561302,False
A1533,A593,36621,0.00340731767937541,False
A890,A2385,36631,0.0055578649044036865,False
A1648,A1991,36638,0.0122162364423275,False
A986,A426,36643,0.003182536456733942,False
A38,A1657,36653,0.023997357115149498,False
A240,A1937,36656,0.011955379508435726,False
A1341,A175,36660,0.00291551579721272,False
A1883,A491,36670,0.4024687111377716,False
A2488,A938,36677,0.012243224307894707,False
A711,A1833,36684,0.4702485501766205,False
A1376,A1833,36685,0.4724601209163666,False
A836,A1833,36686,0.4523104727268219,False
A404,A1833,36687,0.4619998037815094,False
A236,A212,36688,0.9305965900421143,True
A1065,A1833,36688,0.45533058047294617,False
A127,A134,36690,0.095131054520607,False
A1635,A1930,36693,0.005309011321514845,False
A953,A464,36701,0.42786869406700134,False
A1394,A1654,36702,0.466312438249588,False
A1060,A2224,36703,0.008399955928325653,False
A2078,A901,36703,0.46751201152801514,False
A1699,A728,36704,0.4726366102695465,False
A1888,A1391,36705,0.45917996764183044,False
A454,A1412,36708,0.0040205069817602634,False
A1491,A2134,36718,0.0027184425853192806,False
A194,A850,36728,0.002525425748899579,False
A2262,A2104,36730,0.010260643437504768,False
A1077,A359,36736,0.006950644310563803,False
A2232,A2238,36738,0.003958549350500107,False
A320,A1922,36739,0.013813924975693226,False
A1401,A1498,36744,0.002786252647638321,False
A826,A1684,36751,0.003932195715606213,False
A559,A177,36753,0.014749920926988125,False
A1560,A1396,36758,0.4682486057281494,False
A853,A1396,36759,0.0251765176653862,False
A535,A1396,36760,0.4609487056732178,False
A731,A1396,36761,0.45354941487312317,False
A1844,A1396,36762,0.44319701194763184,False
A890,A789,36765,0.005928604397922754,False
A1850,A655,36775,0.006012776400893927,False
A36,A2370,36785,0.002553341444581747,False
A1930,A1758,36786,0.1883430778980255,False
A1006,A308,36788,0.0029859731439501047,False
A470,A127,36789,0.7862228155136108,True
A762,A192,36790,0.015439063310623169,False
A1711,A2191,36796,0.0027612848207354546,False
A2447,A1468,36800,0.006150514353066683,False
A2350,A749,36809,0.002852683188393712,False
A2166,A2228,36812,0.0025677166413515806,False
A1785,A1462,36819,0.002969120629131794,False
A410,A1050,36822,0.003374547930434346,False
A1211,A1403,36824,0.004858371801674366,False
A1664,A140,36826,0.002926571760326624,False
A494,A2286,36834,0.04525894671678543,False
A1187,A1141,36839,0.009973819367587566,False
A2152,A1455,36844,0.054031889885663986,False
A726,A484,36850,0.4689914584159851,False
A382,A1052,36860,0.03430972620844841,False
A899,A832,36861,0.0096842460334301,False
A1154,A1625,36864,0.009081286378204823,False
A1441,A1322,36868,0.004529629368335009,False
A852,A1809,36878,0.003431685734540224,False
A1808,A892,36885,0.0031086092349141836,False
A876,A1046,36886,0.0032978409435600042,False
A1962,A1408,36893,0.003862946992740035,False
A2385,A780,36895,0.08143363147974014,False
A2090,A864,36905,0.9579492211341858,True
A1243,A2180,36909,0.016820766031742096,False
A1603,A2087,36910,0.014937056228518486,False
A664,A1893,36920,0.8351384401321411,True
A1893,A726,36921,0.9647630453109741,True
A726,A1269,36922,0.9741815328598022,True
A1269,A664,36923,0.9544408321380615,True
A505,A1250,36924,0.0034371106885373592,False
A1853,A1405,36929,0.017373181879520416,False
A2496,A2034,36930,0.08699872344732285,False
A1000,A2229,36936,0.0025288898032158613,False
A14,A366,36942,0.0033160564489662647,False
A2060,A1217,36951,0.004527670796960592,False
A2485,A1004,36952,0.003213782561942935,False
A760,A621,36962,0.0068536438047885895,False
A2048,A1748,36967,0.002568646101281047,False
A825,A2243,36974,0.012135451659560204,False
A248,A76,36981,0.015712253749370575,False
A1203,A2378,36985,0.002511344151571393,False
A2449,A1434,36991,0.002614392666146159,False
A774,A213,36995,0.20191556215286255,False
A814,A1769,37001,0.0038159964606165886,False
A1345,A1781,37002,0.011757110245525837,False
A354,A1098,37003,0.0072302063927054405,False
A1354,A2023,37008,0.003673599800094962,False
A931,A667,37014,0.24736161530017853,False
A2441,A1168,37020,0.9526438117027283,True
A1168,A1505,37021,0.9680213928222656,True
A1505,A57,37022,0.9726231098175049,True
A57,A2441,37023,0.9566173553466797,True
A855,A1605,37026,0.002617781748995185,False
A2376,A614,37039,0.009160070680081844,False
A60,A402,37048,0.004158806521445513,False
A738,A2172,37054,0.00484734820201993,False
A866,A1742,37060,0.011932251043617725,False
A957,A1824,37062,0.014566328376531601,False
A185,A1432,37065,0.03562825918197632,False
A20,A1813,37075,0.00447357352823019,False
A342,A194,37084,0.005720905493944883,False
A1426,A2448,37090,0.0031677328515797853,False
A1832,A2142,37095,0.00322625576518476,False
A1067,A26,37103,0.0034669325686991215,False
A318,A1325,37113,0.004730658605694771,False
A549,A2423,37123,0.045883744955062866,False
A1631,A57,37133,0.8297504782676697,True
A1631,A1654,37134,0.9681743383407593,True
A1631,A942,37135,0.9076520204544067,True
A1631,A1270,37136,0.9770799875259399,True
A1631,A1249,37137,0.9251331686973572,True
A1631,A2362,37138,0.9685894250869751,True
A1631,A1237,37139,0.9641411304473877,True
A1822,A1147,37139,0.002529584104195237,False
A1631,A1557,37140,0.9780920147895813,True
A1631,A1140,37141,0.9587046504020691,True
A1806,A2277,37146,0.05679568275809288,False
A1627,A279,37153,0.0025440824683755636,False
A1512,A2408,37160,0.0033564905170351267,False
A482,A1763,37162,0.015454553067684174,False
A1289,A1667,37170,0.013469712808728218,False
A336,A679,37176,0.20437803864479065,False
A1857,A1252,37177,0.0313497819006443,False
A336,A2144,37177,0.9682825207710266,True
A336,A1098,37178,0.9742514491081238,True
A336,A1106,37179,0.9503573775291443,True
A336,A348,37180,0.9171966314315796,True
A2330,A1787,37186,0.4381914734840393,False
A2409,A1123,37187,0.44890597462654114,False
A774,A2051,37188,0.40814724564552307,False
A763,A278,37189,0.45671236515045166,False
A1958,A36,37189,0.002566985320299864,False
A1055,A1320,37190,0.47241899371147156,False
A2120,A1487,37199,0.041526563465595245,False
A1181,A671,37203,0.00262450217269361,False
A1582,A443,37211,0.41046005487442017,False
A1788,A2485,37216,0.018310535699129105,False
A714,A2342,37224,0.002715460490435362,False
A2144,A1793,37226,0.004573951009660959,False
A987,A853,37233,0.044786736369132996,False
A1475,A192,37237,0.00583160063251853,False
A2104,A1320,37238,0.0025530706625431776,False
A8,A630,37247,0.002873914549127221,False
A2262,A1131,37250,0.010072194039821625,False
A1867,A1337,37260,0.4307155907154083,False
A683,A1642,37268,0.002570848446339369,False
A530,A1021,37269,0.0025264746509492397,False
A2197,A36,37272,0.008510671555995941,False
A2263,A570,37280,0.002512663137167692,False
A612,A742,37281,0.0025228289887309074,False
A1101,A1639,37282,0.1029161661863327,False
A424,A1634,37284,0.010412539355456829,False
A715,A613,37288,0.009560762904584408,False
A1062,A567,37296,0.46494483947753906,False
A2279,A2151,37297,0.0051066214218735695,False
A1111,A2220,37307,0.005350358784198761,False
A785,A520,37310,0.009100474417209625,False
A2323,A1822,37317,0.4301910698413849,False
A2323,A2085,37318,0.4709308445453644,False
A2323,A455,37319,0.46630412340164185,False
A2323,A1303,37320,0.46245530247688293,False
A1237,A1055,37323,0.002895892597734928,False
A2114,A2017,37324,0.0032090398017317057,False
A1854,A822,37330,0.05622297525405884,False
A1494,A214,37338,0.016598789021372795,False
A1640,A19,37342,0.9194359183311462,True
A19,A2256,37343,0.9722411036491394,True
A2256,A1640,37344,0.9627266526222229,True
A1564,A1979,37346,0.0027475974056869745,False
A1810,A1993,37352,0.005291368346661329,False
A1362,A911,37356,0.0041437046602368355,False
A756,A1011,37366,0.004003085196018219,False
A430,A692,37374,0.008712743408977985,False
A2481,A1642,37383,0.7589280605316162,True
A1642,A634,37384,0.9683790802955627,True
A634,A1147,37385,0.9660629630088806,True
A1147,A2216,37386,0.9628680944442749,True
A2216,A148,37387,0.9266003966331482,True
A148,A2481,37388,0.9635682106018066,True
A475,A1843,37391,0.0028722111601382494,False
A461,A1828,37392,0.8786028027534485,True
A1828,A1316,37393,0.9725890755653381,True
A1316,A461,37394,0.9640762805938721,True
A1966,A1015,37400,0.007174344267696142,False
A1857,A1244,37401,0.029160473495721817,False
A1633,A2000,37409,0.002735709771513939,False
A1173,A2358,37418,0.9523296356201172,True
A2358,A556,37419,0.9617658257484436,True
A556,A898,37420,0.9328861236572266,True
A898,A1173,37421,0.9425626993179321,True
A75,A803,37429,0.004002015106379986,False
A1513,A1104,37430,0.0027179396711289883,False
A902,A448,37434,0.005966979544609785,False
A1109,A2257,37435,0.0083362041041255,False
A1495,A2315,37444,0.004661486484110355,False
A587,A2138,37453,0.4628787934780121,False
A587,A863,37454,0.47365301847457886,False
A587,A1719,37455,0.46164655685424805,False
A587,A1757,37456,0.47307050228118896,False
A912,A2224,37457,0.056638140231370926,False
A1916,A1556,37464,0.012986695393919945,False
A682,A1804,37476,0.00691124377772212,False
A937,A61,37482,0.009497781284153461,False
A1986,A737,37491,0.46911388635635376,False
A470,A737,37492,0.4690307676792145,False
A1996,A737,37493,0.4560842514038086,False
A283,A737,37494,0.45169270038604736,False
A908,A737,37495,0.4682021737098694,False
A958,A2221,37498,0.011495019309222698,False
A1497,A2387,37506,0.03501599282026291,False
A1127,A1669,37516,0.007991335354745388,False
A1234,A1615,37520,0.011641214601695538,False
A2205,A952,37521,0.002804349409416318,False
A2440,A2065,37530,0.002744928002357483,False
A2314,A383,37533,0.0034372869413346052,False
A2446,A9,37539,0.06577737629413605,False
A2214,A1929,37540,0.4629531800746918,False
A2124,A1929,37541,0.456059068441391,False
A833,A1929,37542,0.4724884033203125,False
A232,A2111,37543,0.01739651896059513,False
A290,A1929,37543,0.47403571009635925,False
A1986,A1929,37544,0.408913791179657,False
A615,A660,37547,0.008465263992547989,False
A1434,A1162,37552,0.017136048525571823,False
A2025,A2457,37555,0.0027583043556660414,False
A311,A1867,37563,0.0028323896694928408,False
A2367,A1069,37570,0.002591394819319248,False
A2496,A2179,37574,0.00535452738404274,False
A2298,A537,37582,0.002807982498779893,False
A2023,A2310,37591,0.08822275698184967,False
A315,A722,37593,0.0072045400738716125,False
A2275,A458,37599,0.02834179438650608,False
A1593,A702,37607,0.43252718448638916,False
A419,A2490,37613,0.06617512553930283,False
A1996,A751,37618,0.004705216269940138,False
A688,A544,37623,0.8858643174171448,True
A688,A1087,37624,0.9727445840835571,True
A885,A1948,37624,0.0027114450931549072,False
A688,A191,37625,0.9734408259391785,True
A688,A2216,37626,0.9020209312438965,True
A688,A483,37627,0.967088520526886,True
A688,A1973,37628,0.9630663990974426,True
A688,A1716,37629,0.9757924675941467,True
A688,A2102,37630,0.9643570184707642,True
A688,A790,37631,0.9606249928474426,True
A688,A695,37632,0.976884663105011,True
A1057,A2173,37633,0.002516541862860322,False
A1560,A2027,37635,0.0045961602590978146,False
A280,A629,37640,0.002549929777160287,False
A1748,A1435,37645,0.011652148328721523,False
A2211,A1188,37650,0.9422858357429504,True
A1188,A1422,37651,0.9675591588020325,True
A1422,A2384,37652,0.9721892476081848,True
A2384,A2211,37653,0.954647958278656,True
A224,A407,37654,0.267730712890625,False
A2248,A1855,37660,0.003414602018892765,False
A1392,A1936,37663,0.0025215393397957087,False
A1378,A1018,37666,0.0033840436954051256,False
A1103,A1170,37674,0.0029370945412665606,False
A55,A1856,37675,0.002767339115962386,False
A1804,A609,37682,0.04339735209941864,False
A1987,A2131,37689,0.0035577386151999235,False
A2227,A19,37691,0.007336566224694252,False
A1978,A1225,37694,0.0027306682895869017,False
A558,A696,37698,0.0032534594647586346,False
A62,A891,37705,0.06479863822460175,False
A2438,A328,37710,0.43598148226737976,False
A897,A76,37715,0.10198195278644562,False
A1331,A2141,37717,0.006662224885076284,False
A2338,A736,37722,0.44824934005737305,False
A140,A548,37728,0.017370592802762985,False
A1230,A2094,37730,0.003004358848556876,False
A2214,A190,37737,0.003426214214414358,False
A1077,A938,37738,0.00701857777312398,False
A2484,A785,37740,0.017789894714951515,False
A1077,A1338,37749,0.007754212711006403,False
A1028,A1831,37751,0.003123840317130089,False
A2161,A2194,37758,0.011609322391450405,False
A1311,A797,37764,0.0027705426327884197,False
A1745,A1718,37773,0.0827605351805687,False
A430,A2353,37780,0.008641419932246208,False
A796,A741,37785,0.04278361052274704,False
A1954,A1893,37791,0.09157361090183258,False
A2079,A782,37797,0.005584403872489929,False
A1162,A949,37803,0.022650113329291344,False
A291,A1318,37805,0.003961538430303335,False
A210,A346,37808,0.007603864651173353,False
A2313,A2203,37815,0.029219666495919228,False
A516,A1846,37816,0.00251195696182549,False
A1631,A976,37825,0.0030404517892748117,False
A1676,A161,37830,0.013383282348513603,False
A978,A1986,37834,0.0040305922739207745,False
A2133,A826,37843,0.004581066779792309,False
A634,A1465,37853,0.004920990206301212,False
A675,A2055,37859,0.06503597646951675,False
A1614,A1760,37860,0.0027022836729884148,False
A360,A144,37870,0.0025145283434540033,False
A1713,A1911,37871,0.41561904549598694,False
A1664,A1052,37880,0.002924909582361579,False
A2378,A285,37890,0.013491305522620678,False
A1416,A15,37898,0.0025272881612181664,False
A663,A1452,37908,0.9143941402435303,True
A825,A1510,37910,0.01235466543585062,False
A641,A1971,37916,0.007813747972249985,False
A1540,A685,37923,0.008405240252614021,False
A778,A871,37933,0.0034249313175678253,False
A1264,A1203,37934,0.4697619676589966,False
A2209,A1203,37935,0.46303415298461914,False
A2291,A1203,37936,0.47052299976348877,False
A2354,A1203,37937,0.45084869861602783,False
A1325,A1203,37938,0.14739766716957092,False
A829,A390,37943,0.002872723387554288,False
A1118,A2452,37947,0.4718220829963684,False
A1546,A709,37948,0.4409078061580658,False
A2008,A1175,37949,0.4234282374382019,False
A2299,A1673,37949,0.012429268099367619,False
A123,A907,37950,0.47101205587387085,False
A1428,A429,37951,0.4664558172225952,False
A536,A1824,37953,0.006973671726882458,False
A1188,A1693,37956,0.010288539342582226,False
A2459,A1076,37957,0.3528093993663788,False
A2459,A530,37958,0.9699490070343018,True
A1188,A1050,37958,0.016499856486916542,False
A2459,A1380,37959,0.9728105664253235,True
A2459,A970,37960,0.8334975838661194,True
A2459,A2345,37961,0.974800169467926,True
A2459,A1113,37962,0.9757845401763916,True
A1065,A1283,37968,0.008635258302092552,False
A839,A2066,37969,0.007985671050846577,False
A91,A1180,37977,0.9133392572402954,True
A1180,A539,37978,0.9659243822097778,True
A539,A274,37979,0.9669010043144226,True
A407,A26,37980,0.028975872322916985,False
A274,A91,37980,0.9609327912330627,True
A332,A166,37988,0.005050953943282366,False
A1285,A1228,37993,0.00600464316084981,False
A2119,A1572,38000,0.06559421122074127,False
A1320,A1091,38003,0.014379477128386497,False
A1568,A2040,38009,0.002990362700074911,False
A1686,A2349,38012,0.018737278878688812,False
A2018,A581,38017,0.013945202343165874,False
A1368,A339,38027,0.015959616750478745,False
A96,A164,38032,0.01301560178399086,False
A1830,A1601,38036,0.020122366026043892,False
A1258,A885,38039,0.00447098771110177,False
A1744,A853,38042,0.002856925129890442,False
A950,A12,38045,0.00748905073851347,False
A1978,A1489,38052,0.0027575462590903044,False
A1339,A1209,38053,0.04206905514001846,False
A431,A179,38057,0.02376936562359333,False
A219,A2380,38058,0.00512904254719615,False
A81,A225,38068,0.004426036961376667,False
A1607,A1531,38073,0.011482086963951588,False
A1440,A759,38078,0.0037200613878667355,False
A1781,A1202,38084,0.03907160460948944,False
A2023,A1398,38094,0.08758321404457092,False
A1808,A1279,38097,0.003119010478258133,False
A709,A370,38100,0.028825046494603157,False
A420,A1125,38104,0.006201659329235554,False
A90,A911,38109,0.006738616153597832,False
A725,A1039,38119,0.0025388700887560844,False
A1570,A874,38129,0.0027641155757009983,False
A836,A894,38135,0.006182723678648472,False
A1917,A1769,38140,0.005757355131208897,False
A586,A1860,38149,0.0054985336028039455,False
A1591,A2404,38154,0.05353190377354622,False
A1314,A2161,38162,0.002681281417608261,False
A520,A2322,38167,0.002682751975953579,False
A87,A1885,38175,0.09827669709920883,False
A407,A1422,38181,0.028531884774565697,False
A2438,A2233,38189,0.005061578471213579,False
A2482,A1562,38198,0.002607409143820405,False
A763,A1699,38207,0.006472069304436445,False
A1663,A691,38209,0.02378993295133114,False
A284,A396,38210,0.002833258593454957,False
A44,A1407,38218,0.010804454796016216,False
A276,A2477,38227,0.002598455408588052,False
A1013,A710,38235,0.9129969477653503,True
A710,A2035,38236,0.9570685029029846,True
A2035,A432,38237,0.9696979522705078,True
A432,A1013,38238,0.956093430519104,True
A574,A494,38243,0.0035224207676947117,False
A2309,A252,38248,0.0027402304112911224,False
A236,A1619,38256,0.8517170548439026,True
A236,A292,38257,0.9705509543418884,True
A236,A1864,38258,0.9454123377799988,True
A236,A2320,38259,0.9733051061630249,True
A1816,A15,38259,0.002536816755309701,False
A236,A2190,38260,0.9732776284217834,True
A236,A82,38261,0.9725421667098999,True
A236,A1233,38262,0.9761530160903931,True
A236,A777,38263,0.907029390335083,True
A236,A437,38264,0.9734270572662354,True
A967,A1466,38264,0.005473400000482798,False
A1842,A1687,38269,0.0026896835770457983,False
A654,A1070,38277,0.09491438418626785,False
A1576,A533,38278,0.004378304351121187,False
A454,A777,38285,0.004275601357221603,False
A35,A1920,38290,0.010742689482867718,False
A1025,A1421,38298,0.47241824865341187,False
A662,A1817,38303,0.4103660583496094,False
A531,A393,38310,0.002717707073315978,False
A519,A1376,38317,0.00925854779779911,False
A504,A2412,38322,0.002511371625587344,False
A589,A268,38330,0.012672423385083675,False
A1134,A1210,38337,0.002774028107523918,False
A1885,A977,38348,0.004721189383417368,False
A1718,A2131,38353,0.004808234982192516,False
A906,A1379,38356,0.002982090227305889,False
A1621,A2373,38364,0.007775911130011082,False
A2016,A454,38368,0.006803785916417837,False
A2012,A1373,38377,0.004107759799808264,False
A657,A185,38380,0.0064865299500525,False
A927,A2233,38385,0.8955946564674377,True
A514,A398,38386,0.003889958607032895,False
A2233,A1961,38386,0.8617724180221558,True
A1961,A864,38387,0.932746171951294,True
A864,A927,38388,0.9625802636146545,True
A813,A1651,38393,0.007287559099495411,False
A1246,A291,38399,0.005757409613579512,False
A468,A901,38405,0.003603351069614291,False
A662,A2444,38411,0.0025184147525578737,False
A1292,A2382,38419,0.0026128985919058323,False
A2152,A1614,38428,0.052278656512498856,False
A999,A1227,38435,0.14144375920295715,False
A461,A1553,38437,0.47201165556907654,False
A1870,A24,38447,0.029105987399816513,False
A467,A290,38452,0.0028273880016058683,False
A1108,A2024,38459,0.10912850499153137,False
A1737,A1977,38461,0.006044038105756044,False
A925,A1428,38462,0.0055508799850940704,False
A1498,A1693,38471,0.011414088308811188,False
A1355,A445,38481,0.0381404273211956,False
A876,A216,38490,0.0032409089617431164,False
A1749,A1833,38491,0.015421193093061447,False
A1773,A344,38497,0.009389037266373634,False
A1280,A1565,38502,0.0026935478672385216,False
A942,A1136,38504,0.092874675989151,False
A839,A2086,38509,0.007763595320284367,False
A2439,A917,38511,0.0025122961960732937,False
A654,A196,38517,0.016946475952863693,False
A2109,A1728,38524,0.3787264823913574,False
A1080,A1836,38529,0.005807859823107719,False
A2179,A398,38532,0.9452947378158569,True
A2179,A1029,38533,0.9510558247566223,True
A2179,A587,38534,0.9697185754776001,True
A2179,A337,38535,0.9752107858657837,True
A2179,A233,38536,0.9734789133071899,True
A2179,A1405,38537,0.9250454306602478,True
A1099,A86,38541,0.002557715866714716,False
A2465,A2189,38551,0.005173806566745043,False
A1600,A328,38559,0.010563179850578308,False
A1271,A117,38562,0.019278421998023987,False
A2054,A2318,38571,0.008343503810465336,False
A1416,A1856,38573,0.46538683772087097,False
A478,A152,38575,0.09560521692037582,False
A1064,A2333,38584,0.004303572699427605,False
A934,A411,38591,0.002833543810993433,False
A1812,A217,38600,0.05654634162783623,False
A1471,A1839,38603,0.010848182253539562,False
A1587,A1110,38604,0.0025135392788797617,False
A1475,A2329,38613,0.005971314385533333,False
A2203,A1715,38623,0.354729562997818,False
A330,A609,38628,0.03391280025243759,False
A144,A1435,38633,0.02633814699947834,False
A925,A1369,38640,0.3613927960395813,False
A860,A1563,38647,0.004652000498026609,False
A2123,A2187,38651,0.004722903948277235,False
A2077,A1148,38658,0.0026603483129292727,False
A2064,A2019,38664,0.010691064409911633,False
A483,A1094,38671,0.0025104768574237823,False
A181,A502,38677,0.0026787412352859974,False
A1801,A2158,38684,0.03688816353678703,False
A1846,A1377,38687,0.018647294491529465,False
A2338,A2307,38694,0.0026104182470589876,False
A1016,A2220,38701,0.004468174185603857,False
A1169,A543,38707,0.0026944971177726984,False
A2149,A36,38716,0.9040505290031433,True
A2205,A2231,38725,0.0027907262556254864,False
A477,A601,38730,0.8338432312011719,True
A1779,A1597,38736,0.00323302554897964,False
A860,A1601,38743,0.0043736654333770275,False
A721,A864,38753,0.4153032898902893,False
A750,A397,38758,0.006922641769051552,False
A2338,A2249,38766,0.002630442613735795,False
A881,A2042,38775,0.002838802058249712,False
A1373,A1833,38778,0.05911574885249138,False
A1422,A2446,38786,0.003654494881629944,False
A2416,A532,38789,0.011070076376199722,False
A1171,A1316,38793,0.00369492219761014,False
A1319,A203,38794,0.003883880330249667,False
A332,A926,38796,0.004968572873622179,False
A1686,A2375,38799,0.019410613924264908,False
A2298,A919,38802,0.0027923337183892727,False
A1023,A2303,38811,0.5910449624061584,False
A2303,A810,38812,0.9370280504226685,True
A810,A964,38813,0.9664907455444336,True
A964,A1023,38814,0.9652673006057739,True
A256,A1163,38816,0.03530284762382507,False
A442,A2069,38823,0.44376543164253235,False
A307,A48,38824,0.46980515122413635,False
A2497,A2468,38825,0.4660046696662903,False
A620,A2370,38826,0.4581732451915741,False
A673,A967,38827,0.416200190782547,False
A2067,A2374,38833,0.002578370738774538,False
A862,A603,38842,0.0026495831552892923,False
A2122,A308,38851,0.06939812004566193,False
A581,A2039,38854,0.0029563955031335354,False
A1017,A1990,38861,0.010153374634683132,False
A1230,A378,38866,0.0029659883584827185,False
A2392,A535,38874,0.47195082902908325,False
A1533,A281,38876,0.5824977159500122,False
A1533,A44,38877,0.9694690108299255,True
A1533,A2428,38878,0.9733344316482544,True
A1533,A717,38879,0.9696273803710938,True
A1533,A372,38880,0.8915964365005493,True
A1533,A1233,38881,0.9155465960502625,True
A1533,A189,38882,0.9722768068313599,True
A1533,A833,38883,0.929673433303833,True
A1533,A1543,38884,0.9653555750846863,True
A1533,A2296,38885,0.9538889527320862,True
A1533,A272,38886,0.9733955264091492,True
A1922,A1752,38886,0.002510842401534319,False
A1533,A1918,38887,0.9771808385848999,True
A1709,A514,38889,0.015171420760452747,False
A238,A383,38898,0.0038386506494134665,False
A2160,A615,38899,0.005791981238871813,False
A397,A475,38900,0.010495814494788647,False
A1332,A487,38909,0.013615602627396584,False
A1707,A101,38914,0.007251918315887451,False
A1530,A177,38921,0.01734936237335205,False
A59,A1062,38923,0.00424162345007062,False
A90,A2146,38928,0.006672290153801441,False
A660,A678,38931,0.01138062123209238,False
A787,A1318,38933,0.025044642388820648,False
A62,A1953,38935,0.33435577154159546,False
A978,A1953,38936,0.4625220000743866,False
A1516,A1939,38937,0.0029348875395953655,False
A2223,A1953,38937,0.45474138855934143,False
A1355,A1953,38938,0.3330884277820587,False
A713,A1953,38939,0.47268471121788025,False
A2079,A1611,38946,0.0055681923404335976,False
A1146,A901,38951,0.012016993016004562,False
A2061,A2345,38953,0.00732082687318325,False
A1173,A1724,38959,0.006192482076585293,False
A945,A232,38963,0.02261342853307724,False
A334,A2052,38969,0.0027273965533822775,False
A968,A1406,38978,0.009786644019186497,False
A2193,A137,38981,0.0027307902928441763,False
A1031,A984,38983,0.0028044693171977997,False
A1446,A1378,38992,0.008200003765523434,False
A243,A641,38998,0.009158478118479252,False
A1217,A2032,39002,0.018052592873573303,False
A568,A1067,39008,0.09247132390737534,False
A870,A755,39012,0.002937928307801485,False
A1515,A2434,39014,0.0025114528834819794,False
A183,A469,39021,0.37440261244773865,False
A2416,A2075,39022,0.011397902853786945,False
A1726,A246,39030,0.0025227570440620184,False
A903,A450,39031,0.014155114069581032,False
A1763,A832,39041,0.003491389798000455,False
A988,A1902,39047,0.05411957576870918,False
A95,A193,39056,0.0033935243263840675,False
A2024,A1369,39062,0.0745568796992302,False
A758,A596,39063,0.05355677008628845,False
A1419,A333,39071,0.0027798155788332224,False
A1274,A743,39074,0.007858305238187313,False
A2182,A2092,39079,0.0025140116922557354,False
A2012,A1919,39084,0.00404624966904521,False
A815,A618,39094,0.9326072335243225,True
A1455,A774,39102,0.46256402134895325,False
A1116,A2275,39106,0.02811879850924015,False
A904,A980,39114,0.028015421703457832,False
A47,A585,39119,0.006568389479070902,False
A31,A2488,39120,0.9219127893447876,True
A31,A476,39121,0.8139733076095581,True
A31,A52,39122,0.9325413703918457,True
A31,A1531,39123,0.972952663898468,True
A31,A2202,39124,0.9722201228141785,True
A31,A295,39125,0.972945511341095,True
A31,A1034,39126,0.9712328314781189,True
A1069,A1962,39126,0.004111188463866711,False
A31,A1180,39127,0.9271536469459534,True
A2272,A596,39129,0.01384032890200615,False
A1873,A350,39131,0.004934774246066809,False
A915,A1429,39133,0.016002485528588295,False
A1781,A2129,39136,0.037668999284505844,False
A684,A817,39137,0.0086191575974226,False
A1279,A2497,39140,0.012460222467780113,False
A1445,A1405,39145,0.9399298429489136,True
A1405,A2252,39146,0.9584407806396484,True
A2252,A1326,39147,0.9680790305137634,True
A1326,A1445,39148,0.9624060392379761,True
A1503,A2293,39155,0.018856922164559364,False
A1016,A495,39159,0.004418672062456608,False
A98,A1335,39164,0.014316614717245102,False
A2138,A721,39168,0.007679242640733719,False
A1062,A1148,39169,0.0025126009713858366,False
A271,A827,39178,0.002650439040735364,False
A1168,A1676,39181,0.10973210632801056,False
A1794,A775,39185,0.01711229979991913,False
A1601,A783,39191,0.014699744991958141,False
A470,A1448,39200,0.47121524810791016,False
A2313,A1032,39209,0.45018768310546875,False
A773,A1032,39210,0.47116339206695557,False
A1478,A1032,39211,0.4542403817176819,False
A1498,A1032,39212,0.4475158751010895,False
A436,A1032,39213,0.47417783737182617,False
A740,A1835,39218,0.0030528190545737743,False
A2382,A2475,39225,0.013848968781530857,False
A1946,A945,39229,0.012711763381958008,False
A741,A402,39233,0.006384629290550947,False
A2490,A1347,39237,0.9485484957695007,True
A1347,A2173,39238,0.9601284861564636,True
A2173,A2490,39239,0.9668324589729309,True
A1608,A889,39246,0.0040144892409443855,False
A2037,A1153,39252,0.03292486444115639,False
A1622,A1612,39257,0.18957556784152985,False
A1221,A190,39264,0.45589348673820496,False
A1145,A16,39274,0.002714454894885421,False
A1603,A1146,39284,0.015026401728391647,False
A1377,A1596,39288,0.0056930906139314175,False
A1708,A547,39294,0.005402102135121822,False
A648,A1678,39303,0.00884951651096344,False
A268,A2389,39305,0.015517890453338623,False
A1429,A1835,39308,0.4730505347251892,False
A275,A1835,39309,0.467395156621933,False
A1993,A1835,39310,0.4725305438041687,False
A99,A1835,39311,0.467745840549469,False
A924,A1835,39312,0.46491530537605286,False
A1870,A2451,39315,0.030241776257753372,False
A616,A1120,39322,0.47830843925476074,False
A1120,A1003,39323,0.9611934423446655,True
A1003,A2358,39324,0.9169654250144958,True
A2358,A616,39325,0.9639298319816589,True
A205,A1643,39329,0.07720545679330826,False
A709,A852,39338,0.028973128646612167,False
A313,A1942,39347,0.011421934701502323,False
A305,A445,39351,0.901237428188324,True
A582,A1570,39353,0.008801041170954704,False
A480,A197,39357,0.0056590549647808075,False
A1225,A1230,39367,0.0026081460528075695,False
A1871,A2427,39377,0.08460057526826859,False
A1633,A407,39381,0.002748607425019145,False
A2011,A1189,39384,0.09149311482906342,False
A2231,A1823,39391,0.0035909125581383705,False
A1570,A952,39398,0.0027489825151860714,False
A1537,A1580,39405,0.00581775838509202,False
A1651,A47,39408,0.002714128466323018,False
A2290,A1130,39409,0.02327132597565651,False
A948,A2051,39413,0.07867028564214706,False
A537,A19,39416,0.008343231864273548,False
A2200,A1647,39426,0.0034236423671245575,False
A1069,A165,39428,0.004248423967510462,False
A1205,A1589,39432,0.08492543548345566,False
A1473,A2301,39434,0.005438354332000017,False
A1653,A1454,39441,0.017538603395223618,False
A824,A808,39450,0.004425946157425642,False
A2368,A485,39459,0.007160541135817766,False
A2360,A2285,39466,0.0026702566538006067,False
A1215,A687,39474,0.0027913632802665234,False
A2199,A487,39478,0.1028713583946228,False
A1919,A633,39482,0.3953886330127716,False
A547,A1775,39483,0.464943528175354,False
A1591,A1341,39484,0.4515959620475769,False
A319,A1759,39484,0.0026006337720900774,False
A2406,A1692,39485,0.4711381494998932,False
A2434,A1029,39486,0.4713600277900696,False
A189,A118,39486,0.049934662878513336,False
A191,A215,39493,0.0037906416691839695,False
A1762,A1262,39494,0.44920775294303894,False
A1017,A1408,39503,0.009541686624288559,False
A1378,A1645,39506,0.003420395078137517,False
A1479,A1057,39508,0.8989172577857971,True
A1057,A108,39509,0.958295464515686,True
A108,A2364,39510,0.956306517124176,True
A2364,A1479,39511,0.9676113724708557,True
A1426,A653,39515,0.003194436663761735,False
A2296,A903,39521,0.002512175589799881,False
A107,A2456,39531,0.005102945026010275,False
A1519,A2012,39541,0.0036867528688162565,False
A407,A1175,39545,0.030156677588820457,False
A727,A2090,39550,0.8794994950294495,True
A1855,A161,39560,0.002556769410148263,False
A2242,A466,39570,0.016724616289138794,False
A1243,A2370,39578,0.4110851287841797,False
A1730,A1040,39580,0.059692684561014175,False
A1913,A2109,39589,0.0080817686393857,False
A412,A583,39590,0.0030247720424085855,False
A2218,A2047,39591,0.0031763254664838314,False
A1397,A870,39600,0.006428449880331755,False
A257,A1738,39608,0.09325160086154938,False
A221,A942,39608,0.49607333540916443,False
A2105,A14,39616,0.020487884059548378,False
A1712,A1280,39620,0.002511698752641678,False
A547,A841,39621,0.009365561418235302,False
A1493,A2239,39630,0.006899707484990358,False
A1064,A2302,39634,0.0042612385004758835,False
A261,A1167,39637,0.003811002243310213,False
A1290,A1993,39642,0.0026867494452744722,False
A287,A1870,39647,0.9138480424880981,True
A1870,A778,39648,0.9640833735466003,True
A778,A354,39649,0.965522050857544,True
A354,A287,39650,0.9611901044845581,True
A613,A475,39650,0.02506389655172825,False
A1941,A1633,39653,0.0025363380555063486,False
A837,A154,39659,0.0071224127896130085,False
A1110,A508,39666,0.0065203215926885605,False
A2009,A1351,39667,0.0027507857885211706,False
A746,A1573,39671,0.007383141666650772,False
A2259,A2371,39672,0.008205777034163475,False
A184,A2419,39682,0.00437521655112505,False
A888,A2107,39690,0.4700908660888672,False
A66,A2033,39691,0.4555150270462036,False
A1224,A795,39692,0.36276185512542725,False
A1681,A572,39693,0.47190389037132263,False
A1874,A769,39694,0.46529412269592285,False
A1513,A479,39696,0.4707949161529541,False
A1513,A1365,39697,0.4732567369937897,False
A1513,A992,39698,0.4525877833366394,False
A1513,A633,39699,0.4732535183429718,False
A1213,A2191,39700,0.10023382306098938,False
A392,A546,39706,0.004317685961723328,False
A647,A512,39712,0.008906739763915539,False
A869,A324,39722,0.9170674681663513,True
A1383,A1818,39730,0.0033943564631044865,False
A2489,A604,39735,0.006578410044312477,False
A871,A2257,39736,0.003386653261259198,False
A1309,A1466,39744,0.0029637711122632027,False
A1326,A1324,39745,0.018929939717054367,False
A180,A1586,39754,0.008466112427413464,False
A2248,A1946,39758,0.0033536285627633333,False
A1248,A1147,39767,0.004562144633382559,False
A2375,A144,39768,0.9422632455825806,True
A144,A2340,39769,0.9695857763290405,True
A2340,A1499,39770,0.968858540058136,True
A1499,A2375,39771,0.961504340171814,True
A1415,A544,39778,0.07477929443120956,False
A2036,A1905,39779,0.0025991685688495636,False
A2061,A371,39780,0.007203670684248209,False
A1905,A1839,39784,0.05539193004369736,False
A2369,A560,39787,0.0034647779539227486,False
A1839,A2409,39790,0.011137421242892742,False
A1019,A574,39793,0.007110381964594126,False
A324,A1731,39794,0.007272768300026655,False
A399,A528,39799,0.0025142733938992023,False
A2107,A1436,39804,0.004455209709703922,False
A300,A75,39809,0.0037288886960595846,False
A2378,A1985,39817,0.4716762900352478,False
A61,A1985,39818,0.4687432050704956,False
A730,A1223,39818,0.05550271272659302,False
A1244,A1985,39819,0.4709593951702118,False
A1831,A1985,39820,0.4620497226715088,False
A705,A1985,39821,0.4206722676753998,False
A421,A649,39823,0.045197490602731705,False
A285,A1122,39828,0.009786874987185001,False
A65,A1030,39829,0.46313783526420593,False
A65,A2167,39830,0.471638947725296,False
A65,A1753,39831,0.4727210998535156,False
A65,A1571,39832,0.4692648649215698,False
A618,A143,39836,0.006978104822337627,False
A781,A350,39845,0.00310552422888577,False
A137,A276,39854,0.018976420164108276,False
A936,A531,39857,0.007438078988343477,False
A948,A366,39865,0.07931637763977051,False
A119,A2082,39868,0.0026339441537857056,False
A813,A1684,39871,0.006786408368498087,False
A2010,A873,39879,0.01056503877043724,False
A2423,A675,39887,0.006767308339476585,False
A22,A1612,39890,0.007509895134717226,False
A1183,A1656,39897,0.00414778757840395,False
A111,A1501,39902,0.014859710820019245,False
A1760,A2388,39904,0.006864509545266628,False
A290,A640,39913,0.007711262442171574,False
A1606,A694,39914,0.28556832671165466,False
A1217,A239,39915,0.017646968364715576,False
A991,A1428,39915,0.09632381796836853,False
A1706,A1291,39920,0.4388898015022278,False
A1619,A225,39923,0.011539674364030361,False
A1252,A1897,39924,0.003470449708402157,False
A1463,A893,39925,0.0025130503345280886,False
A1957,A1542,39929,0.05500313267111778,False
A2020,A1935,39939,0.058061014860868454,False
A692,A1978,39942,0.0025508152320981026,False
A2207,A2014,39944,0.04197517782449722,False
A654,A2389,39953,0.9239399433135986,True
A654,A1891,39954,0.9731546640396118,True
A654,A2459,39955,0.8783986568450928,True
A654,A301,39956,0.9458433389663696,True
A654,A153,39957,0.9707324504852295,True
A654,A499,39958,0.9561609029769897,True
A654,A1422,39959,0.974298894405365,True
A654,A44,39960,0.9590159058570862,True
A654,A2290,39961,0.9761027097702026,True
A655,A1131,39966,0.8939425945281982,True
A1131,A1885,39967,0.9441356062889099,True
A1885,A305,39968,0.954566478729248,True
A305,A655,39969,0.9643597602844238,True
A1605,A796,39973,0.002671825233846903,False
A105,A1378,39975,0.05477474257349968,False
A2053,A1725,39976,0.005784621462225914,False
A2381,A1538,39984,0.6191412210464478,False
A1538,A568,39985,0.944298505783081,True
A568,A68,39986,0.9616281390190125,True
A68,A2381,39987,0.9650598168373108,True
A791,A1558,39987,0.00976062472909689,False
A296,A854,39991,0.014158482663333416,False
A1586,A564,40001,0.023382602259516716,False
A79,A1276,40003,0.006515177432447672,False
A898,A2259,40013,0.00857342779636383,False
A197,A1391,40018,0.10288843512535095,False
A360,A90,40023,0.0025207323487848043,False
A182,A2371,40029,0.00842931866645813,False
A865,A2373,40032,0.0025604458060115576,False
A1009,A668,40041,0.00253286468796432,False
A440,A2224,40049,0.9376118779182434,True
A440,A178,40050,0.9572710394859314,True
A440,A2496,40051,0.974734365940094,True
A440,A2150,40052,0.9100156426429749,True
A440,A2073,40053,0.9732972979545593,True
A440,A1434,40054,0.9742026925086975,True
A440,A1976,40055,0.968163251876831,True
A1252,A1167,40056,0.0034781531430780888,False
A440,A1499,40056,0.8847464323043823,True
A581,A1763,40057,0.0029457411728799343,False
A440,A771,40057,0.9714604020118713,True
A440,A283,40058,0.9716353416442871,True
A440,A2285,40059,0.9684412479400635,True
A1621,A1779,40062,0.008018890395760536,False
A316,A1676,40068,0.34281283617019653,False
A236,A1516,40075,0.7531512379646301,True
A312,A1930,40076,0.017451567575335503,False
A393,A1165,40086,0.008983208797872066,False
A117,A613,40091,0.0037929380778223276,False
A549,A2033,40099,0.04622507467865944,False
A1528,A625,40109,0.0025892523117363453,False
A1604,A1288,40114,0.036608848720788956,False
A1212,A1243,40123,0.004174151457846165,False
A2141,A1121,40132,0.9280138611793518,True
A1121,A436,40133,0.9481568336486816,True
A436,A1244,40134,0.9589043259620667,True
A1244,A2141,40135,0.9629001617431641,True
A2358,A1449,40138,0.014937814325094223,False
A1403,A1738,40147,0.003529053181409836,False
A537,A2169,40157,0.008401795290410519,False
A661,A1971,40158,0.4699231684207916,False
A1616,A1164,40168,0.005391497630625963,False
A2144,A1900,40178,0.004652492702007294,False
A1976,A930,40186,0.9434771537780762,True
A1976,A2380,40187,0.9692729711532593,True
A1976,A2353,40188,0.9747619032859802,True
A1976,A1410,40189,0.9557875394821167,True
A1976,A1989,40190,0.9716348052024841,True
A1976,A894,40191,0.962833046913147,True
A1976,A240,40192,0.9717432856559753,True
A1976,A625,40193,0.9485074877738953,True
A1976,A2410,40194,0.9429792165756226,True
A1976,A748,40195,0.9731807708740234,True
A1715,A2403,40442,0.08745148032903671,False
A1710,A937,40461,0.09099852293729782,False
A664,A1842,40731,0.09985367953777313,False
A1919,A1578,40784,0.09886343777179718,False
A2176,A2405,41098,0.10255103558301926,False
A24,A2226,42743,0.10301453620195389,False
A2415,A1984,43130,0.08916176110506058,False
A304,A1725,43380,0.09416696429252625,False
A921,A689,43391,0.08788926154375076,False
A1032,A832,43469,0.10653428733348846,False
A2345,A1976,43621,0.09981495141983032,False
A1699,A1114,43727,0.09231005609035492,False
A1478,A1527,44089,0.09327607601881027,False
A997,A401,44131,0.09053622931241989,False
A1789,A2030,44536,0.09105794131755829,False
A862,A2157,44995,0.10142438113689423,False
A525,A876,46685,0.09294512122869492,False
A1367,A1620,46917,0.08458606898784637,False
A2060,A1155,47029,0.09037800878286362,False
A1966,A494,47423,0.09680759906768799,False
A1438,A336,47474,0.10196178406476974,False
A1235,A719,47490,0.09492915868759155,False
A1796,A517,48206,0.09338486194610596,False
A1050,A1417,48345,0.10497324168682098,False
A834,A1258,48856,0.09559633582830429,False
A1539,A410,49053,0.09409375488758087,False
A2422,A2117,49068,0.08743970096111298,False
A108,A593,49429,0.0976480022072792,False
A1609,A2062,49957,0.09010250866413116,False
